,Unnamed: 0,filename,label
0,0.0,92983122.jpg,1
1,1.0,wildfire-coverage-521x308.jpg,1
2,2.0,201307-restroom-fire-safety-fire1.jpg,1
3,3.0,X-Files_Office_on_fire.jpg,1
4,4.0,tree-fire.jpg,1
5,5.0,mfs_fire_investigation_image_bedroom_with_candles_2.jpg,1
6,6.0,fire-and-truck-desert-an-aerial-view-of-a-very-small-fire-on-the-side-of-a-road-in-a-rural-desert-landscape-a-green-tractor-stands-by-as-the-fire-burns_bdglz60p8__M0000.jpg,1
7,7.0,Bedroom-fire-test-2-mins-1024x553.png,1
8,8.0,25A072C400000578-2951223-image-a-15_1423799067621.jpg,1
9,9.0,House-Fire-3-Odegard.jpg,1
10,10.0,Still1115_00000_1479245056445_7039374_ver1.0.jpg,1
11,11.0,Chimney-Fire3.jpg,1
12,12.0,maxresdefault.jpg,1
13,13.0,132343342_21n.jpg,1
14,14.0,house-fire1.jpg,1
15,15.0,bus-fire.jpg,1
16,16.0,room-fire.jpg,1
17,17.0,incendie-noel.jpg,1
18,18.0,FIR_LKC_ART_01_Detectingfire_bedroomfire.jpg,1
19,19.0,913_0.jpg,1
20,20.0,EP-151129597.jpg&MaxW=960&imageVersion=default&NCS_modified=20151124094359.jpg,1
21,21.0,article-urn publicid ap.org d8f7d3843cf1498b9ca96b1195c90427-3Y8qqBnFtobb1933fd918ac4b382-364_634x422.jpg,1
22,22.0,Tornado Of Fire Caught On Tape In Australia Fire Twister.jpg,1
23,23.0,nederland-fire-12.jpg,1
24,24.0,450047458.jpg,1
25,25.0,IMG00256.jpg,1
26,26.0,burning-hause-1535712.jpg,1
27,27.0,13518572.jpg,1
28,28.0,11_10_19-mjs_ft_hotel-fire_19183862.jpg,1
29,29.0,132-img1.png,1
30,30.0,pic1.jpg,1
31,31.0,nederland-wildfire.jpg,1
32,32.0,wildfire1.png,1
33,33.0,2853723335_44fdafb8fa_o.jpg,1
34,34.0,fire storm.jpg,1
35,35.0,burn-wall-street.jpg,1
36,36.0,burning-house2.jpg,1
37,37.0,22eqf.jpg,1
38,38.0,maxresdefault7896.jpg,1
39,39.0,bcws-carousel-2.jpg,1
40,40.0,9_2_14_Andrea_Mexico_trash_1050_788_s_c1_c_c.jpg,1
41,41.0,20130611_100618_Black-Forest-Fire-engulfs-house.jpg,1
42,42.0,fire.jpg,1
43,43.0,canada-wildfire.jpg,1
44,44.0,d00cc0fe53897ff01f30eba713ac8ef0.jpg,1
45,45.0,800px-Fires_cross_a_hill_in_SoCal_October_2007.jpg,1
46,46.0,1.jpg,1
47,47.0,wildfire_smoke_1280x720_6014533759.jpg,1
48,48.0,house_fire.jpg,1
49,49.0,o-WASHINGTON-FIRE-900.jpg,1
50,50.0,32313rwev.jpg,1
51,51.0,burning-charcoal-briquettes.jpg,1
52,52.0,house-fire-damage-03.jpg,1
53,53.0,Living_Room_Camp_Fire.jpg,1
54,54.0,incendiu-acoperis.jpg,1
55,55.0,maxresdefault568.jpg,1
56,56.0,maxresdefault24.jpg,1
57,57.0,telugu-desam-office-fire_0.jpg,1
58,58.0,vance_ehmke_burning_farm_house_563cd154cf002.image_.jpg,1
59,59.0,maxresdefault23.jpg,1
60,60.0,150602191030-austin-texas-dashcam-car-explosion-fire-large-169.jpg,1
61,61.0,14.jpg,1
62,62.0,hqdefault.jpg,1
63,63.0,1d797f4e7f3a3ba45ac26472b19afa0e.jpg,1
64,64.0,COMEX-default.jpg,1
65,65.0,f53d6194d2a38227e8ccbf91b42656c8.jpg,1
66,66.0,90420_Ritter_Fire_A_031.jpg,1
67,67.0,wildfire4.jpg,1
68,68.0,wildfires cover_20161118150911007_6627016_ver1.0_640_360.jpg,1
69,69.0,437438_616553-20151008-sprinkler_D.jpg,1
70,70.0,office-fire_650_022415022412.jpg,1
71,71.0,dsc7056.jpg,1
72,72.0,fire1.jpg,1
73,73.0,christmas_tree_fire.jpg,1
74,74.0,dsc_01001.jpg,1
75,75.0,California+Wildfires_Rob072616e+(1).jpg,1
76,76.0,90713_Wichman_FIre_004A.jpg,1
77,77.0,Christmas-Tree-Fire-Safety.jpg,1
78,78.0,Fire-in-a-room.jpg,1
79,79.0,your-room1.jpg,1
80,80.0,wildfire.jpg,1
81,81.0,image_update_img.jpg,1
82,82.0,13518571.jpg,1
83,83.0,rs-237211-GettyImages-53372022.jpg,1
84,84.0,girl-on-fire-01.jpg,1
85,85.0,kjlkmnjkl;'.jpg,1
86,86.0,mv11NWsbmdemo2.jpg,1
87,87.0,10-9-15-2-400.jpg,1
88,88.0,2CDDD98D00000578-3246257-image-a-30_1443454943645.jpg,1
89,89.0,images.jpg,1
90,90.0,8679c62af3-lavvuliv.jpg-for-web-normal.jpg,1
91,91.0,image1609390x.jpg,1
92,92.0,maxresdefault6.jpg,1
93,93.0,hqdefaultsdfsdf.jpg,1
94,94.0,_91753989_capture.jpg,1
95,95.0,s4.reutersmedia.net.jpg,1
96,96.0,burning-charcoal-briquettes-closeup-14552988.jpg,1
97,97.0,railroadstreet_11-27-2002_02.jpg,1
98,98.0,burning-houses-1-300x214.jpg,1
99,99.0,burning-house.jpg,1
100,100.0,FlamesEverett House Fire.transfer_1461845684828_4041471_ver1.0_640_360.jpg,1
101,101.0,ebc22de83a24c73fe9a363709c702e41.jpg,1
102,102.0,s3.reutersmedia.net.jpg,1
103,103.0,dormfire_1.jpg,1
104,104.0,How-to-Set-a-Living-Room-on-Fire-with-VFX-in-4K.Still002.jpg,1
105,105.0,27F1075800000578-0-image-a-1_1429880815919.jpg,1
106,106.0,SOURCE-TappenFire-A12.png,1
107,107.0,aggiecrk-wildfire-07072015-usfs-580.jpg,1
108,108.0,4174776173_e8c26989cc_z.jpg,1
109,109.0,fire 22323.jpg,1
110,110.0,167713535.jpg,0
111,111.0,Atlantic-Road-Norway-4.jpg,0
112,112.0,GGBR02024A.jpg,0
113,113.0,2012-ferarri-f12-berlinetta.jpg,0
114,114.0,eclectic-living-room.jpg,0
115,115.0,meetings.jpg,0
116,116.0,rooms-hotel-tbilisi-suite-bed-and-bathtub-city-view-a-01-x2.jpg,0
117,117.0,unnamed.jpg,0
118,118.0,1444.jpg,0
119,119.0,5.jpg,0
120,120.0,98314964.jpg,0
121,121.0,0bfdc7cd49e09851cc7063ffaf20bf3a.jpg,0
122,122.0,Tromso.-Photo-credits-Bard-Loken-Innovatioin-Norway-e1397066188664.jpg,0
123,123.0,Fjords of Norway.jpg,0
124,124.0,13180942_585627594925764_312096060_n.jpg,0
125,125.0,156786897898.jpg,0
126,126.0,Farah-Conference-Room.jpg,0
127,127.0,tumblr_inline_nj85l1oMaC1t5js1c.jpg,0
128,128.0,visa_requirements_for_norway-56e03f4b96539.jpg,0
129,129.0,ballroom2.jpg,0
130,130.0,6587c2f0d1e9e056c1f18e65b3fbe7b5.jpg,0
131,131.0,19496.jpg,0
132,132.0,Furmanek_blue010_3463757c.jpg,0
133,133.0,690x380-Lake-Tahoe-Summer-Emerald-Bay.jpg,0
134,134.0,7bfa705a0e9058e8e33494bbe76a330c.jpg,0
135,135.0,glacier.jpg,0
136,136.0,IMG_0285.jpg,0
137,137.0,DSC_0191.JPG,0
138,138.0,choosing-right-cctv-for-office.jpg,0
139,139.0,the-atlantic-norway.jpg,0
140,140.0,w300x200.jpg,0
141,141.0,Norway-Tromso-Northern-Lights-xlarge.jpg,0
142,142.0,best_western_mornington_hotel_london.jpg,0
143,143.0,Pangu-7-Star-Hotel-Beijing-Chambre-Executive.jpg,0
144,144.0,2016-Ford-Mustang-GT-burnout-red-tire-smoke.jpg,0
145,145.0,Bahnhofstrasse-2B-Zurich-2C-2BSwitzerland-2Btop-2B5-2Bbest-2Bshopping-2Bstreet-2B21.png,0
146,146.0,gty_open_plan_office_ll_130701_33x16_1600.jpg,0
147,147.0,Scandic-Grimstad-Exterior-surroundings.jpg,0
148,148.0,llanelli-fire-red-room.jpg,0
149,149.0,a5f17e0b3dd5ed56bf5744f600b5c28b.jpg,0
150,150.0,The-growing-sector-of-automobiles-in-India.jpg,0
151,151.0,vaerl-fron-toppen.jpg,0
152,152.0,CreativeOffice_3_LgLand.jpg,0
153,153.0,W020160510630506554070.jpg,0
154,154.0,meda_bia_class_0.jpg,0
155,155.0,63dff179cc922e5f20ace4ec44e445f4.jpg,0
156,156.0,45a4925c6329b15ac6184c868b78db14.jpg,0
157,157.0,arnold-living-room-0515.jpg,0
158,158.0,8ad01fe9c81a663751883dae687bd8e0.jpg,0
159,159.0,Public-Office.jpg,0
160,160.0,plot-projects-overview-big_image_url-1403254458.jpg,0
161,161.0,CM1.jpg,0
162,162.0,Ramadan-Decorations-Jerusalem.jpg,0
163,163.0,Barcode-Oslo-Norway-2-1_bd5d9b33-a6cf-4db3-b77d-ff8ca69f8edf.jpg,0
164,164.0,ttthumb-505x200.jpg,0
165,165.0,bn-0.jpg,0
166,166.0,1truck_web.jpg,0
167,167.0,Elagant-Office-Meeting-Room-Design.jpg,0
168,168.0,house off lincoln road night.jpg,0
169,169.0,0.07180100_1442390923_.jpg,0
170,170.0,gallery-1428596092-home-sweet-home-living-room-0515.jpg,0
171,171.0,hotel-continental-marienbad-room-standard-10.jpg,0
172,172.0,room1212.jpg,0
173,173.0,living-room-european-appartment.jpg,0
174,174.0,interior-design-living-room-unique-with-images-of-interior-design-exterior-in-ideas.jpg,0
175,175.0,thumb_TTQG.jpg,0
176,176.0,142094477.jpg,0
177,177.0,095728210-b1281187-105e-40db-8fff-2f2d5091110a.jpg,0
178,178.0,08-Great Room.jpg,0
179,179.0,home-image-small.jpg,0
180,181.0,norway.jpg,0
181,182.0,idol_line_art.jpg,0
182,183.0,Amanda Aitken Article Image 2.jpg,0
183,184.0,messy-office-space.jpg,0
184,185.0,Gullivers-0840-small-8c1235a8.png,0
185,186.0,JB224_03_Colourful_christmas_table_setting_in_red_and_gold_with_roses_and_candlelight_and_christmas_tree.jpg,0
186,187.0,1526t.jpg,0
187,188.0,Scandic-Grimstad-Exterior-facade001.jpg,0
188,189.0,small-room-medium.jpg,0
189,190.0,deluxe-room-01.jpg,0
190,191.0,Picture-014.jpg,0
191,192.0,fire-featured.jpg,0
192,193.0,room-004.jpg,0
193,194.0,case_study_large_image_182_large.jpg,0
194,195.0,700c959d9d4a1ae442592fceac6cb42eb915eca669fbd988bce10911a32f6253.jpg,0
195,196.0,irodaikomfort.jpg,0
196,197.0,lister_schaffer.jpg,0
197,198.0,b3ba28f17af4917649fe0c08bc523922.jpg,0
198,199.0,1411579788990_wps_176_Pictures_by_Pal_Jakobsen_.jpg,0
199,200.0,dizain-na-osvetlenieto4.jpg,0
200,201.0,Innfjorden-cruise-boat-romsdalsfjorden-rauma-norway-2-1_ecfd17ae-9a5b-4dce-aa53-05696299858c.jpg,0
201,202.0,MW-AU747_wolf_t_20120924164002_MG.jpg,0
202,203.0,black-and-beige-room.jpg,0
203,204.0,living-room-astounding-living-room-design-with-l-shaped-sofa-and-white-table-on-the-orange-rug-and-dark-floor-complete-with-brown-wicker-egg-chairs-also-fireplace-living-room-makeovers-ideas-936x701.jpg,0
204,205.0,cph_virt2.jpg,0
205,206.0,Lappis_gkok-1024x681.jpg,0
206,207.0,PriceLake.jpg,0
207,208.0,room_image3324.jpg,0
208,209.0,image3tffh.jpg,0
209,210.0,Bodoe_aug2010x17.jpg,0
210,211.0,day7_8.jpg,0
211,212.0,435bfd95-3be2-4be0-b909-36e5e607078b.jpg,0
212,213.0,1578587.jpg,0
213,214.0,49-Great-Room-Design3.jpg,0
214,215.0,Warm-Bedroom-Design-590x420.jpg,0
215,216.0,ask-history-who-built-the-first-automobile-464493489-E.jpeg,0
216,217.0,slide_16575_230449_free.jpg,0
217,218.0,4551643-interior-of-the-modern-conference-hall.jpg,0
218,219.0,156ddbd4bb2536343afe883a9ad11b5d.jpg,0
219,220.0,Vestregate_Grimstad.jpg,0
220,221.0,Romsdalsfjorden-rundt_lightbox_full_screen.jpg,0
221,222.0,3344142642_c4d3bfa042_b.jpg,0
222,223.0,f9f940136732b21b0ec69a392757d6cf.jpg,0
223,224.0,darcy434_largeimage.jpg,0
224,225.0,cool-home-office-ideas-and-get-inspired-to-redecorate-your-Home-Office-with-these-decorative-Home-Office-ideas-1.jpg,0
225,226.0,smart-pillowcase-sofas-completee-living-room-witn-minimalist-charity.jpg,0
226,227.0,ce17da98fd0525cbe7ea1816b90fe4d9.jpg,0
227,228.0,european-room-denver-2.jpg,0
228,229.0,Crater-Lake-at-the-Mouth-of-Taal-Volcano-in-Luzon-Philippines.jpg,0
229,230.0,large-meeting-room.jpg,0
230,231.0,d=23&p=9970&t=4.jpg,0
231,232.0,pexels-photo-41118.jpeg,0
232,233.0,dad00d78-c771-4a5f-9dcd-7be5814a7e7f.1.10.jpg,0
233,234.0,small-conference1.jpg,0
234,235.0,maxresdefaultvfv.jpg,0
235,236.0,Lofoten-Norway-Northern-Lights-13.jpg,0
236,237.0,Atlas_Mountain_range.jpg,0
237,238.0,2879429718_f6a88de41d_b.jpg,0
238,239.0,csm_Norwegen-Slider-1-WEB_481d92d85e.jpg,0
239,240.0,atlantic-road-norway-4fv.jpg,0
240,241.0,0921231903.jpeg,0
241,242.0,Kristiansund_Atlanticrd_740.jpg,0
242,243.0,w.jpg,0
243,244.0,1453758_orig.jpg,0
244,245.0,dalen-i-telemark.jpg,0
245,246.0,iStock_000020716385Large-1024x683.jpg,0
246,247.0,xR7vfcy.jpg,0
247,248.0,office3.jpg,0
248,249.0,normal-room-with-private.jpg,0
249,250.0,Carson-City-Retail-Interior-Design1.png,0
250,251.0,simply-rooms-suites.jpg,0
251,252.0,sunset24.jpg,0
252,253.0,Conference_Room_CHENG_Ze.jpg,0
253,254.0,cheap-backyard-landscaping-ideas-pictures.jpg,0
254,255.0,article-2018976-0D29840100000578-237_634x384.jpg,0
255,256.0,RMS_Red-living-room_Creynolds_s4x3.jpg.rend.hgtvcom.616.462.jpeg,0
256,257.0,euro-standards_728_410_70_c1_t_l.jpg,0
257,258.0,mps-conv-store-model2.jpg,0
258,259.0,873860-winter-in-voss-norway.jpeg,0
259,260.0,p9200593.jpg,0
260,261.0,10.jpg,0
261,262.0,Feng-Shui-your-Bedroom-98135424-web.jpg,0
262,263.0,eastern-europe-street-gr.jpg,0
263,264.0,mi-plage-hawai.jpg,0
264,265.0,article-1389742-0E432C8C00000578-832_634x436.jpg,0
265,266.0,72065.jpg,0
266,267.0,Narita_International_Airport_Terminal_2_counters_(1).JPG,0
267,268.0,moving-green-mountains.jpg,0
268,269.0,Beautiful-Morrocan-style-for-bedroom-design-2-530x424.jpg,0
269,270.0,north-norway-1.jpg,0
270,271.0,ES_execconfroom_6_712x342_FitToBoxSmallDimension_Center.jpg,0
271,272.0,homeland-stavanger-wooden.jpg,0
272,273.0,289259543-business-meeting-salle-de-conference-discuter-debattre-collegues.jpg,0
273,274.0,atlantic-ocean-road-norway.jpg,0
274,275.0,modern-landscape-design-14a.jpg,0
275,276.0,autumn-sunset-sky.jpg,0
276,277.0,723438-norway-memorial.jpg,0
277,278.0,nord.jpg,0
278,279.0,sonnenuntergang-am-lake.jpg,0
279,280.0,n36036_kitchen_01.jpg,0
280,281.0,HX_meetingroom_9_425x303_FitToBoxSmallDimension_Center.jpg,0
281,282.0,7875419_4_z.jpg,0
282,283.0,Gift_Shop_52.jpg,0
283,284.0,2-640x400.jpg,0
284,285.0,theoffice3.jpg,0
285,286.0,040210_Aurora_011.jpg,0
286,287.0,norway-old-bergen-museum.jpg,0
287,288.0,up5.jpg,0
288,289.0,sunset-palms.jpg,0
289,290.0,contemporary-family-room.jpg,0
290,291.0,typical-office-layout.jpg,0
291,292.0,4c753813768b747811d11ffdd5dcebb5.jpg,0
292,293.0,8f4eaec213662be924ae9e7a99d20b11.jpg,0
293,294.0,image.aspx.jpg,0
294,295.0,Hot-in-Cleveland-house-at-night-front.jpg,0
295,296.0,iyyt.jpg,0
296,297.0,5983c29594905fdd0be9d691c036c90b0603f68d.jpg,0
297,298.0,Adamsafter.jpg,0
298,299.0,SverreHjornevik-FjordNorway.jpg,0
299,300.0,cglb-deluxe.jpg,0
300,301.0,image.jpg,0
301,302.0,_91175853_a53933fd-a2e4-48aa-bbc5-735e4110cb0b.jpg,0
302,303.0,living-room-large-big-interior-design-2.jpg,0
303,304.0,2ebfde6fa65f395b1e23f0b7b54b561d.jpg,0
304,305.0,phuket-bus-station.jpg,0
305,306.0,Lofoten-islands-Norway-are-known-for-white-sand-beaches-and-vertical-Granite-fjords..-But-most-of-al.jpg,0
306,307.0,grimstad gate 02.jpg,0
307,308.0,wqrq.jpg,0
308,309.0,952111662014LEUDLAV.jpg.png,0
309,310.0,efe.jpg,0
310,311.0,oslo t07.JPG,0
311,312.0,avtomobili-anketa-1.jpg,0
312,313.0,014-taal-crater-lake_586DA81BD8A34008B4CFFA1B2E206AFF.jpg,0
313,314.0,xsylvia-hotel-queen-room.jpg.pagespeed.ic.hw9Tgtz7QM.jpg,0
314,316.0,Haikou Mingguang hotel_deluxe room.jpg,0
315,317.0,f0e56866db7a2b2b7ce8fb1c6fa9a6c1bf6d951b443cec372c0f7fed6bbdb947.jpg,0
316,318.0,4edcf7037ce106b5bc300f99ef671a91_936_425.jpg,0
317,319.0,mr_00098143.jpg,0
318,320.0,Hero_O365ForBusiness_1920x560.jpg,0
319,321.0,5724aaf0e4b00a870d466396_853x480_U_v1.jpg,0
320,322.0,wallpapers_1.jpg,0
321,323.0,visionneuse7.jpg,0
322,324.0,aes7.jpg,0
323,325.0,european-room-denver-3.jpg,0
324,326.0,virgo-esb-liberty-meeting-room-800.jpg,0
325,327.0,small7_main-street.jpg,0
326,328.0,bce8306b7c28fd808d52e831260b194b.jpg,0
327,329.0,atlantic-road-norway-6.jpg,0
328,330.0,thumb2-ledjanaja-pewera-reka-led-vechnye-ldy.jpg,0
329,331.0,modern-living-room-with-TV-Neopolis.jpg,0
330,332.0,tumblr_inline_o6asxjqcCk1qgp297_500.jpg,0
331,333.0,doc_14_4.jpg,0
332,334.0,removals-companies2.jpg,0
333,335.0,a-golden-bedroom-with-a-feng-shui-glow.jpg,0
334,336.0,throstur-1.jpg,0
335,337.0,fireplace-with-no-fire.jpg,0
336,338.0,narrow-shopping-street-in-macau-china-ae1twt.jpg,0
337,339.0,NBR_Santa_Monica_Mountains_no_headline_111212_kfr.jpg,0
338,340.0,22ffsfg.jpg,0
339,341.0,20090804-Reine-Panorama.jpg,0
340,342.0,maxresdefault343.jpg,0
341,343.0,board-room.jpg,0
342,344.0,open-plan-office-with-people.jpg,0
343,345.0,uncle-clay-s-house-of.jpg,0
344,346.0,2015-Automobile-Magazine-All-Stars-627x416.png,0
345,347.0,bfed338d24.jpg,0
346,348.0,Input-Group-King's-Cross-St-Pancras-Travel-CCTV-Back-Office.jpg,0
347,349.0,Noorwegen 12.jpg,0
348,350.0,Business-Meeting-Etiquette.jpg,0
349,351.0,article-2561466-1BE9F3FA00000578-681_634x415.jpg,0
350,352.0,article-0-15CB7791000005DC-25_634x497.jpg,0
351,353.0,tumblr_ohha8jH8dr1rs81xfo1_500.jpg,0
352,354.0,large_mpceb_DeluxeTwinRoom.jpg,0
353,355.0,Hero_2007Upsell_1920x560.jpg,0
354,356.0,salle-de-bains-amenagement-69157893.jpg,0
355,357.0,tip-2-img-1.jpg,0
356,358.0,15617910028_8d4c6b714c_b.jpg,0
357,359.0,dubai-airport2.jpg,0
358,360.0,6-beautiful-ice-caves-patagonia-5.jpg,0
359,361.0,e389ecba7de8e3645ee346d3d19703b6.jpg,0
360,362.0,room.jpg,0
361,363.0,great-spot-absolutely.jpg,0
362,364.0,281249_maroko-atlas-afp_f.jpg,0
363,365.0,14566688_115393625608382_6451053875163037696_n.jpg,0
364,366.0,"Geirangerfjord, Norway 6-L.jpg",0
365,367.0,Interior Design Ideas (3).jpg,0
366,368.0,CCTV-in-supermarket.jpg,0
367,369.0,officedsdg.jpg,0
368,370.0,seminar-05.jpg,0
369,371.0,rooms-image-small.jpg,0
370,372.0,img_4965_640x427.jpg,0
371,373.0,roros-town-street_2015.jpg,0
372,374.0,narrowst3_barca.jpg,0
373,375.0,Le-Meridien-Piccadilly--Classic-Room.jpg,0
374,376.0,B_Id_225951_norway.jpg,0
375,377.0,mda.jpg,0
376,378.0,631b059038ae6882594cdcf2c733cee1.jpg,0
377,379.0,beautiful-village-norway.jpg,0
378,380.0,Office-Space-Photo-Open-Design.jpg,0
379,381.0,400c4254c626f0c30cdac33547ec8693_original.jpg,0
380,382.0,bergen-norway-streets_11921_600x450.jpg,0
381,383.0,hotel.jpg,0
382,384.0,2014-01-21-RTKLLONDON.jpg,0
383,385.0,tumblr_mfup9m6Ttl1r0n5y3o1_1280.jpg,0
384,386.0,Glamorous-Living-Room-Decor-Ideas-with-Crystalist-Chandelier-Lightings-Furnished-with-White-Sofa-and-Chair-plus-White-Table-and-Round-Ottoman-on-Thick-Rug.jpg,0
385,387.0,red-house.png,0
386,388.0,rs600x0deluxeoceanfrontviewroom.jpg,0
387,389.0,white-and-orange-living-and-dining-room.jpg,0
388,390.0,Rent room stockholm.jpg,0
389,391.0,LimeLightsDallas.812.jpg,0
390,392.0,Le-Meridien-Piccadilly--Club-Room.jpg,0
391,393.0,oslo t01.JPG,0
392,394.0,jan-2011-free-oslo_27226_600x450.jpg,0
393,395.0,exterior-paint-colors-for-houses.jpg,0
394,397.0,leshan_china_buddha.jpg,0
395,398.0,8471644323_90981b7693.jpg,0
396,399.0,4d97215bd7b0c4672f62c62cebaf38c7.jpg,0
397,400.0,real-journeys-400x400x.jpg,0
398,401.0,plages-a-la-montagne_1011303.jpg,0
399,402.0,hd-mediaitemid19113-1996.jpg,0
400,403.0,Small_World_Social_Teamwork.jpg,0
401,404.0,157_TypicalOffice-1024x881.jpg,0
402,405.0,43c82e58f5cfdb1e3483be00a9720684.jpg,0
403,406.0,AAEAAQAAAAAAAAJqAAAAJDAwNDUwNDAwLWUwYTAtNDlmNy1iNjk4LTY2NDk1NzFjMDI3OQ.jpg,0
404,407.0,images1594234_Cadillac_57_1918_Sieber_Copyright_Egger_eu_moto_images_classic_cars_5001.jpg,0
405,408.0,20bd07c102708fc2c1357735894fdac0.jpg,0
406,409.0,P1010074sm.jpg,0
407,410.0,fe4d6738c20d6063f34637ed6b56228e.jpg,0
408,411.0,sunset_by_koko_stock-d5ls8sf.jpg,0
409,412.0,success_78_pic_02.jpg,0
410,413.0,New-York-Automobile-Show.jpg,0
411,414.0,amsterdam_canal_houses_at_night_by_busterbrownbb-d5g1z9c.jpg,0
412,415.0,four-rooms.jpg,0
413,416.0,office-9.jpg,0
414,417.0,906a126cd675836e17f24837ff7ade1b.jpg,0
415,418.0,02-icehouse-louisiana-coworking-office.jpg,0
416,419.0,Christmas-Street-Stockholm.jpg,0
417,420.0,lighting-in-interior-design-interior-home-lighting-lovely-for-your-interior-design-of-bedrooms-ideas.jpg,0
418,421.0,patagonia-and-atacama-national-geographic.jpg,0
419,422.0,4205c7bf872ff65b5569a54616e7fc4b.jpg,0
420,423.0,9129708.jpg,0
421,424.0,JEs238e.jpg,0
422,425.0,36701_133427340015458_133421316682727_259449_2221369_n.jpg,0
423,426.0,DT_meeting2_53_677x380_FitToBoxSmallDimension_Center.jpg,0
424,427.0,romantic-bedrooms-bedrooms-and-red-color-schemes-on-pinterest-classic-bedroom-colors-red-768x511.jpg,0
425,428.0,3631119830_7be2edf6aa_z.jpg,0
426,429.0,Problem-smoke-bedroom.jpg,0
427,430.0,f90f62c721068418828c0d99b5d892d0.jpg,0
428,431.0,0a9c1e71be2d6c80bb7b7ea7d353fb42.jpg,0
429,432.0,mountains-Kirkjufe_3374110a-large.jpg,0
430,433.0,Birds Nest.jpg,0
431,434.0,201504-connect-norway-horizontal-1b.jpg,0
432,435.0,xbR1sVO.png,0
433,436.0,715d8b45abe42c92abd0c6549342507f.jpg,0
434,437.0,b33375c5ff1a2f222ebdca2b0046eecc.jpg,0
435,438.0,deluxe-room-02.jpg,0
436,439.0,366176-office.jpg,0
437,440.0,G044.jpg,0
438,441.0,ReineFishingVillage.jpg,0
439,442.0,Hotel_Monterey_La_Soeur_Osaka_standard_twin_bedroom_20121102-001.jpg,0
440,443.0,f301e43bcd7a738afc1f7926ced876da.jpg,0
441,444.0,636183447534012101-DSC-2429.jpg,0
442,445.0,atlantis-092712-328_1.jpg,0
443,446.0,open-offices.jpg,0
444,447.0,Norway-Troms-Tromso-Panorama-view.jpg,0
445,448.0,grimstad_panorama.jpg,0
446,449.0,e3d93d96e76e00a0c1df99a94f33c921.jpg,0
447,450.0,05e4f__Leshan-Giant-Buddha-China.jpg,0
448,451.0,1427216352-2tkd-northern-lights-senja-norway.jpg,0
449,452.0,Light-wood-white-interior.jpg,0
450,453.0,boardroom.jpg,0
451,454.0,oslo-city.jpg,0
452,455.0,76e108150890ac29_6362-w500-h400-b0-p0--traditional-family-room.jpg,0
453,456.0,1010212.jpg,0
454,457.0,3q4.jpg,0
455,458.0,p1170311.jpg,0
456,459.0,20160711044639758.jpg,0
457,460.0,slettnes-light-house-nordkyn-norway-2-1_a115bf39-6e5b-4619-8b91-d943b330fe1d.jpg,0
458,461.0,bangkok-airport3.jpg,0
459,462.0,polycom-conference-room-1.jpg,0
460,463.0,AdvisoryCouncilMeeting477x318.jpg,0
461,464.0,20150419EUROPEANSTREETS-slide-ID9Z-articleLarge.jpg,0
462,465.0,a354f9825da1a38062b2a8dd711d8500.jpg,0
463,466.0,da97b0fd08647c127e2912608c6bf9b7.jpg,0
464,467.0,Athens-International-Airport.jpg,0
465,468.0,Lake-Edward.jpg,0
466,469.0,conference-room2.jpg,0
467,470.0,Liberia-terminal_newsfull_h.jpg,0
468,471.0,2-HootSuite-blog-0534.jpg,0
469,472.0,norway-fjord-beautiful.jpg,0
470,473.0,working-in-office.png,0
471,474.0,24551b883de1686d35e953d43312dedf.jpg,0
472,475.0,1f5cc65c_original.jpg,0
473,476.0,crowne-plaza-rome-4393591168-4x3.jpg,0
474,477.0,_JOB7140_728_484_70_c1_t_l.jpg,0
475,478.0,la-airport-1024x758.jpg,0
476,479.0,o-BRIGHT-LIGHTING-ROOM-LAMP-facebook.jpg,0
477,480.0,PJ-BE591_WORKFA_G_20120103214537.jpg,0
478,481.0,virgo-grand-central-meeting-room-800.jpg,0
479,482.0,norway-landscape-photography-scandinavian-nature-4.jpg,0
480,483.0,atlantic-ocean-road62.jpg,0
481,484.0,images34.jpg,0
482,485.0,aeroport-francfort.jpg,0
483,486.0,gty_employees_working_office_jt_121218_wb.jpg,0
484,487.0,slide-201512-norway-06.jpg,0
485,488.0,9544.jpg,0
486,489.0,Great+Room.jpg,0
487,490.0,geneva-shopping-street.jpg,0
488,491.0,office-googlereuse.jpg,0
489,492.0,348s.jpg,0
490,493.0,264929c131741c20f3a5e306a6c8b67d.jpg,0
491,494.0,ar12811389210669.jpg,0
492,495.0,Multipurpose-home-office-design-with-unique-table-and-quartz-countertop.jpg,0
493,496.0,parkingdayLX-0382.jpg,0
494,497.0,airport-7591.jpg,0
495,498.0,SlackOffice1-640x427.jpg,0
496,499.0,DSC5740_HDR-blog-1600px.jpg,0
497,500.0,New Picture (26).jpg,0
498,501.0,Vardasen-House-13-850x1190.jpg,0
499,502.0,california-palm.jpg,0
500,503.0,920x920.jpg,0
501,504.0,AAEAAQAAAAAAAAjsAAAAJGFlM2QxZTU2LTJjNTEtNGY5OC04OWFhLTgwODA3OTBiN2ZkNA.jpg,0
502,505.0,red_room_sml.jpg,0
503,506.0,virgo-penn-station-new-yorker-room-800.jpg,0
504,507.0,norway-landscape-photography-scandinavian-nature-1.jpg,0
505,508.0,18-parade.jpg,0
506,509.0,Bold-Red-Colors-Decoration-in-Modern-Teen-Bedrooms.jpg,0
507,510.0,e20bdf8a3c4198fcb9b64ee003254f64.jpg,0
508,511.0,New-Natural-Waterfall-HD-Wallpaper-Collection-2013-For-PC-4.jpg,0
509,512.0,sweden-landscape-wallpaper-1-1280x500.jpg,0
510,513.0,dusk_756x350.jpg,0
511,514.0,img31.jpg,0
512,515.0,quilotoa.jpg,0
513,516.0,deluxe-room-03.jpg,0
514,517.0,buntzen-lake-full-width-nature.jpg,0
515,518.0,skyline-midnight-sun-bodo-norway-2-1_99eca994-01e7-47b1-a370-b551d6f53552.jpg,0
516,519.0,6-Wonderful-European-Vacation-Alternatives-in-North-America-81e5e534378c496bb12762e1d8978cc5.jpg,0
517,520.0,Late_model_Ford_Model_T.jpg,0
518,521.0,Open-plan-office-2.jpg,0
519,522.0,80406309.jpg,0
520,523.0,080502-AirportsHong Kong.grid-6x2.jpg,0
521,524.0,normal-home-living-room-denbesten-real-estate-bloomington-rooms-1602-bensington-master-bedroom.jpg,0
522,525.0,65c288db48faa04662a56deb59a8db1c.jpg,0
523,526.0,Standard-single-1600x900.jpg,0
524,527.0,house5.jpg,0
525,528.0,vermont-tours-green-mountains.jpg,0
526,529.0,1104525.jpg,0
527,530.0,warm-tech-living-room.jpg,0
528,531.0,f16-small-meeting-roompost.jpg,0
529,532.0,175822886.jpg,0
530,533.0,dark-red-living-room.jpg,0
531,534.0,tumblr_nyrywkyp4Y1tql859o1_1280.jpg,0
532,535.0,98282906.jpg,0
533,536.0,2e17fb5d-3f0a-4fa8-ba01-1101ce80d158.1.10.jpg,0
534,538.0,thumbnail.jpg,0
535,539.0,12.jpg,0
536,540.0,Location_Eurocopter-EC145_Mercedes-Style-www.acarinparis.com_location_voiture_luxe_paris.jpg,0
537,541.0,2_Norway-best-country-in-the-world.jpg,0
538,542.0,3453064b0e3bcfb44dfea8fee4159706.jpg,0
539,543.0,norway___view_of_the_geiranger_by_agivega.jpg,0
540,544.0,b4d7b6e907c47ebb74058bac9d1953f1d138cb43b660420e4e42037915b11720.jpg,0
541,545.0,Meeting room with people2.jpg,0
542,546.0,potd01083110.jpg,0
543,547.0,ist_ataturk_08_0116_2.jpg,0
544,548.0,111052980.jpg,0
545,549.0,Gingerbread_House_Essex_CT.jpg,0
546,550.0,Wesleyan_University_-_Russell_House_at_night_01.jpg,0
547,551.0,AspenSongBird.jpg,0
548,552.0,041212_BIZ_Hook_Logic_MRM_03_display.jpg,0
549,553.0,supermarket-1200x800-1024x682.jpg,0
550,554.0,norway-school-trips-geirangerfjord-vn.jpg,0
551,555.0,sunset_sky_2_by_manichysteriastock-d3bjiec1.jpg,0
552,556.0,room6_450_reload.jpg,0
553,557.0,20150930-Einzelzimmer.jpg,0
554,558.0,canvas-press_custom-wallpaper_conference_room.jpg,0
555,559.0,khon_kaen_photo_36.jpg,0
556,560.0,main-qimg-f42d9fe3ea8e255dece2196f1e588ce0-c.jpg,0
557,561.0,AAEAAQAAAAAAAAKvAAAAJDY3MzVhYTUwLTY2ODktNDY5NC1hYWZjLWE4MjZmYmY0NzU1ZA.jpg,0
558,562.0,blue-ice-throstur-1.jpg,0
559,563.0,city_streets2_800.JPG,0
560,564.0,En-Route-Stuck-with-a-Cancelled-Flight-in-Hong-Kong-International-Airport-9426.jpg,0
561,565.0,gazebo1.jpg,0
562,566.0,crystal-cave-8.jpg,0
563,567.0,HGOYD202H_sad-neglected-backyard-before.jpg.rend.hgtvcom.966.725.jpeg,0
564,568.0,Sprint_Image_960x5281-900x495.jpg,0
565,569.0,54ff8227d6954-living-room-gold-orange-xln.jpg,0
566,570.0,file=5CF84195797947C67C2C3DE93B6C3ED49B483E0A.jpg&dh=532&dw=800&cropX=0&cropY=0&cropH=681&cropW=1024.jpg,0
567,571.0,y5IQiH.jpg,0
568,572.0,office-cctv-cameras-400x2661.jpg,0
569,573.0,office-05.jpg,0
570,574.0,7ad3fe1d3bd5970e6ed98d5cfc0b5c08.jpg,0
571,575.0,plates-on-wall-cottage-living-room.jpg,0
572,576.0,23e90181fcef550cffae7c4ff77e566d.jpg,0
573,577.0,Grand-Deluxe-Room-King-Bed-Big32201584154.jpg,0
574,578.0,attachment-image-1cfe3cc1-a2b6-402c-a50e-8436e4f7f3c2.jpg,0
575,579.0,flathead-lake-montana-8.jpg,0
576,580.0,241996-2560x1920.jpg.600x350_q85_crop.jpg,0
577,581.0,158.jpg,0
578,582.0,typical-desk-setup.jpg,0
579,583.0,40e922a594c05b55618a62ee6e6cd0c3.jpg,0
580,584.0,amazing-modern-living-room-design-with-white-brown-walls.jpg,0
581,585.0,meeting.jpg,0
582,586.0,Northern-Lights-over-Tromso-Troms-Northern-Norway_911507f0-262b-4cac-921c-eb71dbc3466e.jpg,0
583,587.0,img_0465.jpg,0
584,588.0,Parish-Council-Annual-Meeting-2012.jpg,0
585,589.0,tumblr_nhcrcizCaH1ty53xvo1_1280.jpg,0
586,590.0,index.jpg,0
587,591.0,Lofoten-800px-Raftsundet_from_Raftsund_Bridge_2010_September.jpg,0
588,592.0,1172602861_9119803ed4.jpg,0
589,593.0,385Springwater Trailer Resort.jpg,0
590,594.0,DSCN1146-600x350.jpg,0
591,595.0,5f0cd5dd1c13b489e3740a141c679699.jpg,0
592,596.0,Meeting room with people.jpg,0
593,597.0,the_norwegian_national_opera_ballet_oslo_norway_2_1_516d1910-7fb8-4b87-8670-c1288f824cf0.jpg,0
594,598.0,3028310B00000578-3398915-image-a-2_1452764691811.jpg,0
595,599.0,1ea2139c58e480cf9d31d8412aafc2e3.jpg,0
596,600.0,n36036_living_01.jpg,0
597,601.0,neath_port_talbot_conference_meeting_v_Neath_Port_Talbot_Conference_Meeting_Rooms_.jpg,0
598,602.0,012038.jpg,0
599,603.0,office_environment-googlereuse.jpg,0
600,604.0,500_F_128074665_71JRncSY29Pdumr6kt8sPLYvByWxeWXc.jpg,0
601,605.0,394_original.jpg,0
602,606.0,a-fairly-typical-open-office.jpg,0
603,607.0,grimstad gaagate 02.jpg,0
604,608.0,shopping_large.jpg,0
605,609.0,65a10dc9e3ca143b6b8649191b81f665.wix_mp_1024.jpg,0
606,610.0,45d893bb4a9e15e3ea7aab81ec783e7c.jpg,0
607,611.0,x14862823.jpg,0
608,612.0,2332.jpg,0
609,613.0,norway_streets.jpg,0
610,614.0,c77e354d46f7e8cc7babe8fdf8f93c76.jpg,0
611,615.0,rome-11oct22-5362_med.jpeg,0
612,616.0,Office_of_the_Wikimedia_Foundation.jpg,0
613,617.0,ryfylke_preikestolen_norway_tourist_attraction_forsand_a80257b5-f175-48d8-8e41-e60dbfa63d8d.jpg,0
614,618.0,Christmas-shopping-at-Roros-norway_4df73061-0f32-4f3f-8d35-0f88fa121632.jpg,0
615,619.0,fairy-tale-viking-architecture-norway-8__880.jpg,0
616,620.0,Office.jpg,0
617,621.0,29a74da6d3a8a4577a43d76b519128c1.jpg,0
618,622.0,Perfect-Red-And-Gold-Rooms-45-With-Additional-with-Red-And-Gold-Rooms.jpg,0
619,623.0,norway-northern-lights.jpg.adapt.945.1.jpg,0
620,624.0,office-conference-room-design-ideas_354725.jpg,0
621,625.0,house-with-lights-on.jpg,0
622,626.0,82143-erYd3aYdaDFXh_ff3VC9MA.jpg,0
623,627.0,norway_memorial_26apr12-878x585.jpg,0
624,628.0,coastal-norway-kirkefjorden-lofoten-island-peaks-615.jpg,0
625,629.0,cdnassets.hw.net.jpg,0
626,630.0,1200_ded3cdcfdca66b2fc57ee8d9bbc6c827.jpg,0
627,631.0,Supermarket_z_flagami_(ubt).JPG,0
628,632.0,Dublin_shutterstock_111481523_800x.jpg,0
629,633.0,360px-Greenmountains.jpg,0
630,634.0,norway-gamle-bergen-museum.jpg,0
631,635.0,ThinkstockPhotos-505230568-540x359.jpg,0
632,636.0,thiet-ke-san-vuon-biet-thu-14.JPG,0
633,637.0,813e6b10-848b-478e-a471-480f14eeb271.1.10.jpg,0
634,638.0,a62fdb68649fa65f41872c01a058bd58.jpg,0
635,639.0,4.jpg,0
636,640.0,QzOffice-750x400-c-default.jpg,0
637,641.0,sygard_grytting_historic_hotel_lillehammer_norway_2_1_901e866d-9488-4b25-b5c9-6013159c60d3.jpg,0
638,642.0,Don-Mueang-International-Airport.jpg,0
639,643.0,18 Petroglyphs Atlatl Rock.jpg,0
640,644.0,080417_4706.jpg,0
641,645.0,Helgeland-hiking-Rodoy-Norway-2-1_c3ea0777-bf05-4677-98ca-a6028c3d0564.jpg,0
642,646.0,stalag.jpg,0
643,647.0,London-Office--tojpeg_1431338424080_x2.jpg,0
644,648.0,pic_The-conference-room-Sits-up-to-35-people_577093_large.jpg,0
645,649.0,Sunset-Sky.png,0
646,650.0,C201409001_C1.jpg,0
0,,fire.688.png,1
1,,fire.685.png,1
2,,fire.547.png,1
3,,fire.725.png,1
4,,fire.670.png,1
5,,fire.443.png,1
6,,fire.532.png,1
7,,fire.716.png,1
8,,fire.573.png,1
9,,fire.613.png,1
10,,fire.503.png,1
11,,fire.65.png,1
12,,fire.491.png,1
13,,fire.498.png,1
14,,fire.568.png,1
15,,fire.720.png,1
16,,fire.569.png,1
17,,fire.465.png,1
18,,fire.755.png,1
19,,fire.624.png,1
20,,fire.749.png,1
21,,fire.546.png,1
22,,fire.588.png,1
23,,fire.606.png,1
24,,fire.753.png,1
25,,fire.623.png,1
26,,fire.454.png,1
27,,fire.722.png,1
28,,fire.528.png,1
29,,fire.571.png,1
30,,fire.49.png,1
31,,fire.738.png,1
32,,fire.695.png,1
33,,fire.551.png,1
34,,fire.743.png,1
35,,fire.642.png,1
36,,fire.721.png,1
37,,fire.562.png,1
38,,fire.468.png,1
39,,fire.669.png,1
40,,fire.512.png,1
41,,fire.583.png,1
42,,fire.445.png,1
43,,fire.683.png,1
44,,fire.718.png,1
45,,fire.650.png,1
46,,fire.672.png,1
47,,fire.575.png,1
48,,fire.707.png,1
49,,fire.601.png,1
50,,fire.678.png,1
51,,fire.450.png,1
52,,fire.497.png,1
53,,fire.472.png,1
54,,fire.440.png,1
55,,fire.599.png,1
56,,fire.628.png,1
57,,fire.731.png,1
58,,fire.85.png,1
59,,fire.98.png,1
60,,fire.561.png,1
61,,fire.73.png,1
62,,fire.641.png,1
63,,fire.483.png,1
64,,fire.727.png,1
65,,fire.66.png,1
66,,fire.514.png,1
67,,fire.99.png,1
68,,fire.70.png,1
69,,fire.659.png,1
70,,fire.654.png,1
71,,fire.581.png,1
72,,fire.557.png,1
73,,fire.534.png,1
74,,fire.493.png,1
75,,fire.439.png,1
76,,fire.6.png,1
77,,fire.45.png,1
78,,fire.747.png,1
79,,fire.513.png,1
80,,fire.441.png,1
81,,fire.611.png,1
82,,fire.664.png,1
83,,fire.640.png,1
84,,fire.663.png,1
85,,fire.543.png,1
86,,fire.466.png,1
87,,fire.509.png,1
88,,fire.500.png,1
89,,fire.699.png,1
90,,fire.622.png,1
91,,fire.637.png,1
92,,fire.447.png,1
93,,fire.566.png,1
94,,fire.62.png,1
95,,fire.481.png,1
96,,fire.724.png,1
97,,fire.60.png,1
98,,fire.729.png,1
99,,fire.579.png,1
100,,fire.603.png,1
101,,fire.643.png,1
102,,fire.708.png,1
103,,fire.675.png,1
104,,fire.533.png,1
105,,fire.736.png,1
106,,fire.627.png,1
107,,fire.630.png,1
108,,fire.510.png,1
109,,fire.739.png,1
110,,fire.74.png,1
111,,fire.56.png,1
112,,fire.490.png,1
113,,fire.686.png,1
114,,fire.548.png,1
115,,fire.619.png,1
116,,fire.706.png,1
117,,fire.703.png,1
118,,fire.649.png,1
119,,fire.9.png,1
120,,fire.600.png,1
121,,fire.64.png,1
122,,fire.715.png,1
123,,fire.475.png,1
124,,fire.754.png,1
125,,fire.435.png,1
126,,fire.668.png,1
127,,fire.58.png,1
128,,fire.558.png,1
129,,fire.598.png,1
130,,fire.639.png,1
131,,fire.97.png,1
132,,fire.48.png,1
133,,fire.437.png,1
134,,fire.541.png,1
135,,fire.91.png,1
136,,fire.608.png,1
137,,fire.559.png,1
138,,fire.90.png,1
139,,fire.609.png,1
140,,fire.507.png,1
141,,fire.63.png,1
142,,fire.57.png,1
143,,fire.499.png,1
144,,fire.489.png,1
145,,fire.734.png,1
146,,fire.742.png,1
147,,fire.638.png,1
148,,fire.471.png,1
149,,fire.505.png,1
150,,fire.679.png,1
151,,fire.705.png,1
152,,fire.591.png,1
153,,fire.677.png,1
154,,fire.438.png,1
155,,fire.504.png,1
156,,fire.690.png,1
157,,fire.44.png,1
158,,fire.462.png,1
159,,fire.519.png,1
160,,fire.432.png,1
161,,fire.495.png,1
162,,fire.746.png,1
163,,fire.617.png,1
164,,fire.602.png,1
165,,fire.565.png,1
166,,fire.517.png,1
167,,fire.656.png,1
168,,fire.488.png,1
169,,fire.518.png,1
170,,fire.502.png,1
171,,fire.684.png,1
172,,fire.614.png,1
173,,fire.607.png,1
174,,fire.632.png,1
175,,fire.76.png,1
176,,fire.476.png,1
177,,fire.660.png,1
178,,fire.680.png,1
179,,fire.694.png,1
180,,fire.94.png,1
181,,fire.451.png,1
182,,fire.658.png,1
183,,fire.717.png,1
184,,fire.681.png,1
185,,fire.89.png,1
186,,fire.75.png,1
187,,fire.576.png,1
188,,fire.81.png,1
189,,fire.535.png,1
190,,fire.92.png,1
191,,fire.442.png,1
192,,fire.433.png,1
193,,fire.453.png,1
194,,fire.655.png,1
195,,fire.585.png,1
196,,fire.55.png,1
197,,fire.59.png,1
198,,fire.511.png,1
199,,fire.711.png,1
200,,fire.448.png,1
201,,fire.54.png,1
202,,fire.542.png,1
203,,fire.496.png,1
204,,fire.436.png,1
205,,fire.709.png,1
206,,fire.521.png,1
207,,fire.51.png,1
208,,fire.719.png,1
209,,fire.474.png,1
210,,fire.485.png,1
211,,fire.537.png,1
212,,fire.752.png,1
213,,fire.552.png,1
214,,fire.698.png,1
215,,fire.461.png,1
216,,fire.452.png,1
217,,fire.564.png,1
218,,fire.554.png,1
219,,fire.53.png,1
220,,fire.525.png,1
221,,fire.556.png,1
222,,fire.687.png,1
223,,fire.46.png,1
224,,fire.751.png,1
225,,fire.635.png,1
226,,fire.682.png,1
227,,fire.748.png,1
228,,fire.560.png,1
229,,fire.662.png,1
230,,fire.444.png,1
231,,fire.460.png,1
232,,fire.523.png,1
233,,fire.631.png,1
234,,fire.487.png,1
235,,fire.555.png,1
236,,fire.723.png,1
237,,fire.480.png,1
238,,fire.484.png,1
239,,fire.620.png,1
240,,fire.701.png,1
241,,fire.692.png,1
242,,fire.595.png,1
243,,fire.550.png,1
244,,fire.653.png,1
245,,fire.593.png,1
246,,fire.673.png,1
247,,fire.516.png,1
248,,fire.539.png,1
249,,fire.636.png,1
250,,fire.458.png,1
251,,fire.526.png,1
252,,fire.494.png,1
253,,fire.8.png,1
254,,fire.651.png,1
255,,fire.479.png,1
256,,fire.737.png,1
257,,fire.629.png,1
258,,fire.567.png,1
259,,fire.540.png,1
260,,fire.592.png,1
261,,fire.7.png,1
262,,fire.527.png,1
263,,fire.84.png,1
264,,fire.464.png,1
265,,fire.82.png,1
266,,fire.693.png,1
267,,fire.61.png,1
268,,fire.652.png,1
269,,fire.47.png,1
270,,fire.469.png,1
271,,fire.580.png,1
272,,fire.473.png,1
273,,fire.563.png,1
274,,fire.610.png,1
275,,fire.69.png,1
276,,fire.645.png,1
277,,fire.459.png,1
278,,fire.596.png,1
279,,fire.446.png,1
280,,fire.589.png,1
281,,fire.745.png,1
282,,fire.713.png,1
283,,fire.625.png,1
284,,fire.604.png,1
285,,fire.467.png,1
286,,fire.477.png,1
287,,fire.714.png,1
288,,fire.647.png,1
289,,fire.691.png,1
290,,fire.730.png,1
291,,fire.676.png,1
292,,fire.93.png,1
293,,fire.704.png,1
294,,fire.667.png,1
295,,fire.700.png,1
296,,fire.449.png,1
297,,fire.506.png,1
298,,fire.605.png,1
299,,fire.67.png,1
300,,fire.696.png,1
301,,fire.544.png,1
302,,fire.657.png,1
303,,fire.584.png,1
304,,fire.648.png,1
305,,fire.529.png,1
306,,fire.587.png,1
307,,fire.615.png,1
308,,fire.96.png,1
309,,fire.463.png,1
310,,fire.545.png,1
311,,fire.674.png,1
312,,fire.522.png,1
313,,fire.492.png,1
314,,fire.80.png,1
315,,fire.710.png,1
316,,fire.671.png,1
317,,fire.590.png,1
318,,fire.712.png,1
319,,fire.470.png,1
320,,fire.697.png,1
321,,fire.735.png,1
322,,fire.478.png,1
323,,fire.586.png,1
324,,fire.702.png,1
325,,fire.728.png,1
326,,fire.574.png,1
327,,fire.515.png,1
328,,fire.740.png,1
329,,fire.431.png,1
330,,fire.455.png,1
331,,fire.538.png,1
332,,fire.594.png,1
333,,fire.666.png,1
334,,fire.68.png,1
335,,fire.434.png,1
336,,fire.52.png,1
337,,fire.616.png,1
338,,fire.5.png,1
339,,fire.578.png,1
340,,fire.633.png,1
341,,fire.482.png,1
342,,fire.553.png,1
343,,fire.612.png,1
344,,fire.457.png,1
345,,fire.86.png,1
346,,fire.732.png,1
347,,fire.570.png,1
348,,fire.626.png,1
349,,fire.508.png,1
350,,fire.501.png,1
351,,fire.78.png,1
352,,fire.524.png,1
353,,fire.520.png,1
354,,fire.661.png,1
355,,fire.530.png,1
356,,fire.582.png,1
357,,fire.549.png,1
358,,fire.597.png,1
359,,fire.741.png,1
360,,fire.87.png,1
361,,fire.644.png,1
362,,fire.456.png,1
363,,fire.689.png,1
364,,fire.733.png,1
365,,fire.430.png,1
366,,fire.618.png,1
367,,fire.744.png,1
368,,fire.531.png,1
369,,fire.77.png,1
370,,fire.50.png,1
371,,fire.572.png,1
372,,fire.577.png,1
373,,fire.79.png,1
374,,fire.72.png,1
375,,fire.95.png,1
376,,fire.621.png,1
377,,fire.750.png,1
378,,fire.71.png,1
379,,fire.83.png,1
380,,fire.486.png,1
381,,fire.634.png,1
382,,fire.646.png,1
383,,fire.536.png,1
384,,fire.665.png,1
385,,fire.88.png,1
386,,fire.726.png,1
